"Status","Start Time","Stop Time","Duration in ms","Parent Suite","Suite","Sub Suite","Test Class","Test Method","Name","Description"
"broken","Mon Aug 03 12:54:01 MSK 2026","Mon Aug 03 12:54:01 MSK 2026","2","","testsIOS.InteriorTests","","testsIOS.InteriorTests","mainPageCreatingWood","mainPageCreatingWood()","Проверка создания интерьера из раздела товары - iOS"
"broken","Mon Aug 03 12:53:54 MSK 2026","Mon Aug 03 12:53:55 MSK 2026","972","","testsIOS.OnboardingTests","","testsIOS.OnboardingTests","OnboardingNextButtonIOS","OnboardingNextButtonIOS()","Проверка Онбординга - iOS"
"broken","Mon Aug 03 12:53:46 MSK 2026","Mon Aug 03 12:53:46 MSK 2026","2","","testsIOS.NewEditorFZ","","testsIOS.NewEditorFZ","checkConsentModalInNativeEditorProjectAllFieldsAreCompleted","checkConsentModalInNativeEditorProjectAllFieldsAreCompleted()","Проверка модального окна согласия с ФЗ при создании продукта в нативном редакторе: авторизованный пользователь, все поля заполнены, user_requirements_done=false.Проекты_редактор"
"broken","Mon Aug 03 12:53:47 MSK 2026","Mon Aug 03 12:53:47 MSK 2026","7","","testsIOS.PhotoBooksTests","","testsIOS.PhotoBooksTests","mainPageCreatingPhotoBooksWithSturdyPages","mainPageCreatingPhotoBooksWithSturdyPages()","Проверка создания фотокниги из раздела товары - iOS"
"broken","Mon Aug 03 12:54:00 MSK 2026","Mon Aug 03 12:54:00 MSK 2026","4","","testsIOS.CalendarsTests","","testsIOS.CalendarsTests","mainPageWallCalendarsA3","mainPageWallCalendarsA3()","Проверка создания календари из раздела товары - iOS"
"broken","Mon Aug 03 12:54:00 MSK 2026","Mon Aug 03 12:54:00 MSK 2026","3","","testsIOS.CalendarsTests","","testsIOS.CalendarsTests","mainPageDeskCalendars","mainPageDeskCalendars()","Проверка создания календари из раздела товары - iOS"
"broken","Mon Aug 03 12:53:47 MSK 2026","Mon Aug 03 12:53:47 MSK 2026","6","","testsIOS.PhotoBooksTests","","testsIOS.PhotoBooksTests","mainPagePhotoBookThemeFiltering","mainPagePhotoBookThemeFiltering()","Проверка создания фотокниги с фильтрацией по теме - iOS"
"broken","Mon Aug 03 12:54:05 MSK 2026","Mon Aug 03 12:54:05 MSK 2026","145","","testsIOS.AlbumsPageTests","","testsIOS.AlbumsPageTests","abilityToShareAnAlbum","abilityToShareAnAlbum()","Возможность Поделиться альбомом/отправить ссылку"
"broken","Mon Aug 03 12:53:47 MSK 2026","Mon Aug 03 12:53:47 MSK 2026","6","","testsIOS.CheckoutTests","","testsIOS.CheckoutTests","checkoutOrderCancellation","checkoutOrderCancellation()","Проверка отмены заказа после оформления - iOS"
"broken","Mon Aug 03 12:54:06 MSK 2026","Mon Aug 03 12:54:06 MSK 2026","150","","testsIOS.AlbumsPageTests","","testsIOS.AlbumsPageTests","deselectPhotosInAlbums","deselectPhotosInAlbums()","Отмена выбора фотографий в альбоме"
"broken","Mon Aug 03 12:53:47 MSK 2026","Mon Aug 03 12:53:47 MSK 2026","10","","testsIOS.PhotoBooksTests","","testsIOS.PhotoBooksTests","mainPageCreatingPhotoBooksForDiplomas","mainPageCreatingPhotoBooksForDiplomas()","Проверка создания фотокниги из раздела товары - iOS"
"broken","Mon Aug 03 12:54:07 MSK 2026","Mon Aug 03 12:54:07 MSK 2026","5","","testsIOS.CardsTests","","testsIOS.CardsTests","mainPageCreatingFoldedCards","mainPageCreatingFoldedCards()","Проверка создания карточек из раздела товары - iOS"
"broken","Mon Aug 03 12:54:02 MSK 2026","Mon Aug 03 12:54:02 MSK 2026","152","","testsIOS.AlbumsPageTests","","testsIOS.AlbumsPageTests","movePhotosFromAlbums","movePhotosFromAlbums()","Перенести фото на экране ""Просмотр фотографии"" в альбоме"
"broken","Mon Aug 03 12:53:47 MSK 2026","Mon Aug 03 12:53:47 MSK 2026","20","","testsIOS.PhotoBooksTests","","testsIOS.PhotoBooksTests","mainPageCreatingPhotoBooksWithSoftPages","mainPageCreatingPhotoBooksWithSoftPages()","Проверка создания фотокниги из раздела товары - iOS"
"broken","Mon Aug 03 12:54:01 MSK 2026","Mon Aug 03 12:54:01 MSK 2026","2","","testsIOS.CatalogCLassTest","","testsIOS.CatalogCLassTest","mainPageSearchWithIncorrectInputType","mainPageSearchWithIncorrectInputType()","Проверка поисковой системы при авторизованном режиме - iOS"
"broken","Mon Aug 03 12:54:06 MSK 2026","Mon Aug 03 12:54:06 MSK 2026","144","","testsIOS.AlbumsPageTests","","testsIOS.AlbumsPageTests","verifyPhotosSortedByNameInAlbum","verifyPhotosSortedByNameInAlbum()","Сортировка фото в альбоме по имени"
"broken","Mon Aug 03 12:54:02 MSK 2026","Mon Aug 03 12:54:03 MSK 2026","151","","testsIOS.AlbumsPageTests","","testsIOS.AlbumsPageTests","movingPhotoIntoAlbums","movingPhotoIntoAlbums()","Перемещение фотографии из альбома"
"broken","Mon Aug 03 12:54:01 MSK 2026","Mon Aug 03 12:54:01 MSK 2026","3","","testsIOS.CatalogCLassTest","","testsIOS.CatalogCLassTest","mainPageCheckingOrdersRegistered","mainPageCheckingOrdersRegistered()","Проверка раздела история заказов - iOS"
"broken","Mon Aug 03 12:54:00 MSK 2026","Mon Aug 03 12:54:00 MSK 2026","2","","testsIOS.PresentsTests","","testsIOS.PresentsTests","mainPageCreatingPresents","mainPageCreatingPresents()","Проверка создания подарков из раздела товары - iOS"
"broken","Mon Aug 03 12:54:00 MSK 2026","Mon Aug 03 12:54:00 MSK 2026","3","","testsIOS.CalendarsTests","","testsIOS.CalendarsTests","mainPageBlockCalendars","mainPageBlockCalendars()","Проверка создания календари из раздела товары - iOS"
"broken","Mon Aug 03 12:54:05 MSK 2026","Mon Aug 03 12:54:05 MSK 2026","144","","testsIOS.AlbumsPageTests","","testsIOS.AlbumsPageTests","closeAccess","closeAccess()","Закрыть доступ к альбому"
"broken","Mon Aug 03 12:54:00 MSK 2026","Mon Aug 03 12:54:00 MSK 2026","3","","testsIOS.CalendarsTests","","testsIOS.CalendarsTests","mainPageDeskPlanningCalendars","mainPageDeskPlanningCalendars()","Проверка создания календари из раздела товары - iOS"
"broken","Mon Aug 03 12:54:00 MSK 2026","Mon Aug 03 12:54:00 MSK 2026","3","","testsIOS.PresentsTests","","testsIOS.PresentsTests","mainPagePresentsThemeFiltering","mainPagePresentsThemeFiltering()","Проверка фильтрации подарков по темам - iOS"
"broken","Mon Aug 03 12:54:04 MSK 2026","Mon Aug 03 12:54:04 MSK 2026","149","","testsIOS.AlbumsPageTests","","testsIOS.AlbumsPageTests","addingPhotosInAlbum","addingPhotosInAlbum()","Добавление фото в альбом. ios с полным доступом"
"broken","Mon Aug 03 12:54:01 MSK 2026","Mon Aug 03 12:54:01 MSK 2026","3","","testsIOS.InteriorTests","","testsIOS.InteriorTests","mainPageCreatingPrintOnWood","mainPageCreatingPrintOnWood()","Проверка создания интерьера из раздела товары - iOS"
"broken","Mon Aug 03 12:54:01 MSK 2026","Mon Aug 03 12:54:01 MSK 2026","2","","testsIOS.AuthorizationTests","","testsIOS.AuthorizationTests","testXssAttempt","testXssAttempt()",""
"broken","Mon Aug 03 12:53:46 MSK 2026","Mon Aug 03 12:53:46 MSK 2026","3","","testsIOS.NewEditorFZ","","testsIOS.NewEditorFZ","checkConsentModalInNativeEditorForTimeLineAndAlbums","checkConsentModalInNativeEditorForTimeLineAndAlbums()","Проверка модального окна согласия с ФЗ при создании продукта в нативном редакторе: авторизованный пользователь, Не все поля заполнены, user_requirements_done: false. Проверка, что доступен сетевой таймлайн и альбомы нетпринта"
"broken","Mon Aug 03 12:54:01 MSK 2026","Mon Aug 03 12:54:01 MSK 2026","2","","testsIOS.CatalogCLassTest","","testsIOS.CatalogCLassTest","mainPageCheckingPromotions","mainPageCheckingPromotions()","Проверка раздела акции - iOS"
"broken","Mon Aug 03 12:54:01 MSK 2026","Mon Aug 03 12:54:01 MSK 2026","2","","testsIOS.InteriorTests","","testsIOS.InteriorTests","mainPageInteriorComparisonFunctionality","mainPageInteriorComparisonFunctionality()","Проверка создания интерьерных изделий с сравнением - iOS"
"broken","Mon Aug 03 12:54:00 MSK 2026","Mon Aug 03 12:54:00 MSK 2026","2","","testsIOS.PresentsTests","","testsIOS.PresentsTests","mainPageCreatingPuzzles","mainPageCreatingPuzzles()","Проверка создания подарков из раздела товары - iOS"
"broken","Mon Aug 03 12:54:01 MSK 2026","Mon Aug 03 12:54:01 MSK 2026","3","","testsIOS.InteriorTests","","testsIOS.InteriorTests","mainPageWoodStyleFiltering","mainPageWoodStyleFiltering()","Проверка создания деревянных изделий с фильтрацией по стилю - iOS"
"broken","Mon Aug 03 12:53:47 MSK 2026","Mon Aug 03 12:53:47 MSK 2026","9","","testsIOS.PhotoBooksTests","","testsIOS.PhotoBooksTests","mainPageCreatingPhotoBooksOnPhotoPaper","mainPageCreatingPhotoBooksOnPhotoPaper()","Проверка создания фотокниги из раздела товары - iOS"
"broken","Mon Aug 03 12:54:01 MSK 2026","Mon Aug 03 12:54:01 MSK 2026","2","","testsIOS.CatalogCLassTest","","testsIOS.CatalogCLassTest","mainPageCheckingOrdersNotRegistered","mainPageCheckingOrdersNotRegistered()","Проверка раздела история заказов - iOS"
"broken","Mon Aug 03 12:53:46 MSK 2026","Mon Aug 03 12:53:46 MSK 2026","11","","testsIOS.NewEditorFZ","","testsIOS.NewEditorFZ","verifyEditorStepByStepWithAPI","verifyEditorStepByStepWithAPI()","Авторизация в редакторе с последующим заполнением полей"
"broken","Mon Aug 03 12:54:07 MSK 2026","Mon Aug 03 12:54:07 MSK 2026","3","","testsIOS.PrintingPhotoTests","","testsIOS.PrintingPhotoTests","mainPagePhotoCroppingFiltering","mainPagePhotoCroppingFiltering()","Проверка печати фотографий с фильтрацией по кадрированию - iOS"
"broken","Mon Aug 03 12:54:07 MSK 2026","Mon Aug 03 12:54:07 MSK 2026","12","","testsIOS.CardsTests","","testsIOS.CardsTests","mainPageCreatingGiftCards","mainPageCreatingGiftCards()","Проверка создания карточек из раздела товары - iOS"
"broken","Mon Aug 03 12:54:01 MSK 2026","Mon Aug 03 12:54:01 MSK 2026","3","","testsIOS.AuthorizationTests","","testsIOS.AuthorizationTests","testSqlInjectionAttempt","testSqlInjectionAttempt()",""
"broken","Mon Aug 03 12:54:00 MSK 2026","Mon Aug 03 12:54:00 MSK 2026","2","","testsIOS.PresentsTests","","testsIOS.PresentsTests","mainPageAcrylicSizeFiltering","mainPageAcrylicSizeFiltering()","Проверка создания акриловых изделий с фильтрацией по размеру - iOS"
"broken","Mon Aug 03 12:53:55 MSK 2026","Mon Aug 03 12:53:55 MSK 2026","962","","testsIOS.OnboardingTests","","testsIOS.OnboardingTests","OnBoardingScrollingPaginationIOS","OnBoardingScrollingPaginationIOS()","Прокрутка через пагинацию - iOS"
"broken","Mon Aug 03 12:53:51 MSK 2026","Mon Aug 03 12:53:52 MSK 2026","985","","testsIOS.OnboardingTests","","testsIOS.OnboardingTests","OnboardingCompleteFlowIOS","OnboardingCompleteFlowIOS()","Тест полного потока онбординга с проверкой - iOS"
"broken","Mon Aug 03 12:54:03 MSK 2026","Mon Aug 03 12:54:03 MSK 2026","145","","testsIOS.AlbumsPageTests","","testsIOS.AlbumsPageTests","photoGrid","photoGrid()","Сетка фотографий"
"broken","Mon Aug 03 12:53:47 MSK 2026","Mon Aug 03 12:53:47 MSK 2026","8","","testsIOS.PhotoBooksTests","","testsIOS.PhotoBooksTests","mainPagePhotoBookSizeFiltering","mainPagePhotoBookSizeFiltering()","Проверка создания фотокниги с фильтрацией по размеру - iOS"
"broken","Mon Aug 03 12:53:46 MSK 2026","Mon Aug 03 12:53:46 MSK 2026","3","","testsIOS.NewEditorFZ","","testsIOS.NewEditorFZ","checkConsentModalInNativeEditorAddPhotosAllFieldsAreCompleted","checkConsentModalInNativeEditorAddPhotosAllFieldsAreCompleted()","Проверка модального окна согласия с ФЗ при создании продукта в нативном редакторе: авторизованный пользователь, Все поля заполнены, user_requirements_done: false. Альбом НП - добавить фото"
"broken","Mon Aug 03 12:53:47 MSK 2026","Mon Aug 03 12:53:47 MSK 2026","4","","testsIOS.PhotoBooksTests","","testsIOS.PhotoBooksTests","mainPageCreatingPhotoBooksForMiniBooks","mainPageCreatingPhotoBooksForMiniBooks()","Проверка создания фотокниги из раздела товары - iOS"
"broken","Mon Aug 03 12:54:00 MSK 2026","Mon Aug 03 12:54:00 MSK 2026","2","","testsIOS.PresentsTests","","testsIOS.PresentsTests","mainPageCreatingMagnets","mainPageCreatingMagnets()","Проверка создания подарков из раздела товары - iOS"
"broken","Mon Aug 03 12:54:00 MSK 2026","Mon Aug 03 12:54:00 MSK 2026","3","","testsIOS.CalendarsTests","","testsIOS.CalendarsTests","mainPageUniversalThemeCalendar","mainPageUniversalThemeCalendar()","Проверка создания календаря с универсальной тематикой - iOS"
"broken","Mon Aug 03 12:53:46 MSK 2026","Mon Aug 03 12:53:46 MSK 2026","5","","testsIOS.NewEditorFZ","","testsIOS.NewEditorFZ","checkConsentModalInNativeEditorCatalogAllFieldsAreCompleted","checkConsentModalInNativeEditorCatalogAllFieldsAreCompleted()","Проверка модального окна согласия с ФЗ при создании продукта в нативном редакторе: авторизованный пользователь, все поля заполнены, user_requirements_done=false. Каталог_редактор"
"broken","Mon Aug 03 12:54:07 MSK 2026","Mon Aug 03 12:54:07 MSK 2026","2","","testsIOS.PrintingPhotoTests","","testsIOS.PrintingPhotoTests","mainPagePhotoSelectFromAlbums","mainPagePhotoSelectFromAlbums()","Проверка печати фотографий с выбором из альбомов - iOS"
"broken","Mon Aug 03 12:53:47 MSK 2026","Mon Aug 03 12:53:47 MSK 2026","10","","testsIOS.PhotoBooksTests","","testsIOS.PhotoBooksTests","mainPagePhotoBookSeriesFiltering","mainPagePhotoBookSeriesFiltering()","Проверка создания фотокниги с фильтрацией по серии - iOS"
"broken","Mon Aug 03 12:54:01 MSK 2026","Mon Aug 03 12:54:01 MSK 2026","2","","testsIOS.CatalogCLassTest","","testsIOS.CatalogCLassTest","mainPageSearchWithEmptyRequest","mainPageSearchWithEmptyRequest()","Проверка поисковой системы при авторизованном режиме - iOS"
"broken","Mon Aug 03 12:53:46 MSK 2026","Mon Aug 03 12:53:46 MSK 2026","3","","testsIOS.NewEditorFZ","","testsIOS.NewEditorFZ","verifyEditorForPhotosUnauthorizedUser","verifyEditorForPhotosUnauthorizedUser()","Не авторизованный юзер при входе в редактор ФОТО"
"broken","Mon Aug 03 12:54:01 MSK 2026","Mon Aug 03 12:54:01 MSK 2026","3","","testsIOS.AuthorizationTests","","testsIOS.AuthorizationTests","testValidPasswordReset","testValidPasswordReset()",""
"broken","Mon Aug 03 12:54:01 MSK 2026","Mon Aug 03 12:54:01 MSK 2026","2","","testsIOS.AuthorizationTests","","testsIOS.AuthorizationTests","testNumericOnlyPassword","testNumericOnlyPassword()",""
"broken","Mon Aug 03 12:53:47 MSK 2026","Mon Aug 03 12:53:47 MSK 2026","11","","testsIOS.PhotoBooksTests","","testsIOS.PhotoBooksTests","mainPagePhotoBookComparison","mainPagePhotoBookComparison()","Проверка создания фотокниги с сравнением - iOS"
"broken","Mon Aug 03 12:53:47 MSK 2026","Mon Aug 03 12:53:47 MSK 2026","7","","testsIOS.PhotoBooksTests","","testsIOS.PhotoBooksTests","mainPageCreatingPhotoBooksWithAHard3DCoverGlossEffect","mainPageCreatingPhotoBooksWithAHard3DCoverGlossEffect()","Проверка создания фотокниги из раздела товары - iOS"
"broken","Mon Aug 03 12:53:46 MSK 2026","Mon Aug 03 12:53:46 MSK 2026","5","","testsIOS.NewEditorFZ","","testsIOS.NewEditorFZ","verifyEditorStepByStep","verifyEditorStepByStep()","Авторизация в редакторе с последующим заполнением полей"
"broken","Mon Aug 03 12:54:00 MSK 2026","Mon Aug 03 12:54:00 MSK 2026","3","","testsIOS.PresentsTests","","testsIOS.PresentsTests","mainPageNotebooksCoverFiltering","mainPageNotebooksCoverFiltering()","Проверка создания тетрадей с фильтрацией по обложке - iOS"
"broken","Mon Aug 03 12:54:01 MSK 2026","Mon Aug 03 12:54:01 MSK 2026","3","","testsIOS.InteriorTests","","testsIOS.InteriorTests","mainPageCreatingAcrylic","mainPageCreatingAcrylic()","Проверка создания интерьера из раздела товары - iOS"
"broken","Mon Aug 03 12:54:03 MSK 2026","Mon Aug 03 12:54:03 MSK 2026","145","","testsIOS.AlbumsPageTests","","testsIOS.AlbumsPageTests","verifyPhotoDNGUploadThroughAlbumAdd","verifyPhotoDNGUploadThroughAlbumAdd()","Проверка загрузки DNG через добавление фото в альбоме"
"broken","Mon Aug 03 12:54:00 MSK 2026","Mon Aug 03 12:54:00 MSK 2026","4","","testsIOS.CalendarsTests","","testsIOS.CalendarsTests","mainPageDeskTentCalendars","mainPageDeskTentCalendars()","Проверка создания календари из раздела товары - iOS"
"broken","Mon Aug 03 12:54:00 MSK 2026","Mon Aug 03 12:54:00 MSK 2026","4","","testsIOS.PresentsTests","","testsIOS.PresentsTests","mainPageCreatingSpiralNotepads","mainPageCreatingSpiralNotepads()","Проверка создания подарков из раздела товары - iOS"
"broken","Mon Aug 03 12:53:47 MSK 2026","Mon Aug 03 12:53:47 MSK 2026","4","","testsIOS.CheckoutTests","","testsIOS.CheckoutTests","checkoutChangePickupPoint","checkoutChangePickupPoint()","Проверка оформления заказа с изменением пункта самовывоза - iOS"
"broken","Mon Aug 03 12:53:47 MSK 2026","Mon Aug 03 12:53:47 MSK 2026","9","","testsIOS.PhotoBooksTests","","testsIOS.PhotoBooksTests","mainPagePhotoBookQuickOrder","mainPagePhotoBookQuickOrder()","Проверка создания фотокниги с быстрым заказом - iOS"
"broken","Mon Aug 03 12:53:47 MSK 2026","Mon Aug 03 12:53:47 MSK 2026","21","","testsIOS.PhotoBooksTests","","testsIOS.PhotoBooksTests","mainPageCreatingPhotoBooksForGraduationAlbums","mainPageCreatingPhotoBooksForGraduationAlbums()","Проверка создания фотокниги из раздела товары - iOS"
"broken","Mon Aug 03 12:53:46 MSK 2026","Mon Aug 03 12:53:46 MSK 2026","3","","testsIOS.NewEditorFZ","","testsIOS.NewEditorFZ","checkConsentModalInNativeEditorCatalog","checkConsentModalInNativeEditorCatalog()","Проверка модального окна согласия с ФЗ при создании продукта в нативном редакторе: авторизованный пользователь, не все поля заполнены, user_requirements_done=false. Каталог_редактор"
"broken","Mon Aug 03 12:54:00 MSK 2026","Mon Aug 03 12:54:00 MSK 2026","2","","testsIOS.PresentsTests","","testsIOS.PresentsTests","mainPageCreatingStapledNotebooks","mainPageCreatingStapledNotebooks()","Проверка создания подарков из раздела товары - iOS"
"broken","Mon Aug 03 12:54:02 MSK 2026","Mon Aug 03 12:54:02 MSK 2026","149","","testsIOS.AlbumsPageTests","","testsIOS.AlbumsPageTests","verifyPhotosSortedByCreationDateInAlbum","verifyPhotosSortedByCreationDateInAlbum()","Сортировка фото в альбоме по дате создания"
"broken","Mon Aug 03 12:53:46 MSK 2026","Mon Aug 03 12:53:46 MSK 2026","3","","testsIOS.NewEditorFZ","","testsIOS.NewEditorFZ","checkConsentModalInNativeEditorNetPrintAllFieldsAreCompleted","checkConsentModalInNativeEditorNetPrintAllFieldsAreCompleted()","Проверка модального окна согласия с ФЗ при создании продукта в нативном редакторе: авторизованный пользователь, Все поля заполнены, user_requirements_done: false. Локальный таймлайн - загрузить в нетпринт"
"broken","Mon Aug 03 12:54:07 MSK 2026","Mon Aug 03 12:54:07 MSK 2026","3","","testsIOS.PrintingPhotoTests","","testsIOS.PrintingPhotoTests","mainPagePhotoSizeFiltering","mainPagePhotoSizeFiltering()","Проверка печати фотографий с фильтрацией по размеру - iOS"
"broken","Mon Aug 03 12:54:05 MSK 2026","Mon Aug 03 12:54:05 MSK 2026","146","","testsIOS.AlbumsPageTests","","testsIOS.AlbumsPageTests","deletingAlbum","deletingAlbum()","Создаём альбом и удаляем его из списка."
"broken","Mon Aug 03 12:53:47 MSK 2026","Mon Aug 03 12:53:47 MSK 2026","10","","testsIOS.NewEditorFZ","","testsIOS.NewEditorFZ","profileCleanupAfterFZ","profileCleanupAfterFZ()","Очистка профиля после согласия с ФЗ"
"broken","Mon Aug 03 12:54:01 MSK 2026","Mon Aug 03 12:54:01 MSK 2026","4","","testsIOS.InteriorTests","","testsIOS.InteriorTests","mainPageAcrylicSeriesFiltering","mainPageAcrylicSeriesFiltering()","Проверка создания акрила с фильтрацией по серии - iOS"
"broken","Mon Aug 03 12:54:01 MSK 2026","Mon Aug 03 12:54:01 MSK 2026","2","","testsIOS.InteriorTests","","testsIOS.InteriorTests","mainPagePrintOnWoodOrientationFiltering","mainPagePrintOnWoodOrientationFiltering()","Проверка создания печати на дереве с фильтрацией по ориентации - iOS"
"broken","Mon Aug 03 12:54:01 MSK 2026","Mon Aug 03 12:54:01 MSK 2026","3","","testsIOS.AuthorizationTests","","testsIOS.AuthorizationTests","testEmptyFieldsLogin","testEmptyFieldsLogin()",""
"broken","Mon Aug 03 12:53:47 MSK 2026","Mon Aug 03 12:53:47 MSK 2026","10","","testsIOS.PhotoBooksTests","","testsIOS.PhotoBooksTests","mainPageCreatingPhotoBooksOnCoatedPaper","mainPageCreatingPhotoBooksOnCoatedPaper()","Проверка создания фотокниги из раздела товары - iOS"
"broken","Mon Aug 03 12:54:03 MSK 2026","Mon Aug 03 12:54:04 MSK 2026","147","","testsIOS.AlbumsPageTests","","testsIOS.AlbumsPageTests","printSomePhotosFromAlbum","printSomePhotosFromAlbum()","Печать нескольких выбранных фотографий из альбома"
"broken","Mon Aug 03 12:54:01 MSK 2026","Mon Aug 03 12:54:01 MSK 2026","2","","testsIOS.AuthorizationTests","","testsIOS.AuthorizationTests","testSpacesInCredentials","testSpacesInCredentials()",""
"broken","Mon Aug 03 12:53:47 MSK 2026","Mon Aug 03 12:53:47 MSK 2026","4","","testsIOS.CheckoutTests","","testsIOS.CheckoutTests","checkoutFieldValidation","checkoutFieldValidation()","Проверка оформления заказа с валидацией полей - iOS"
"broken","Mon Aug 03 12:54:00 MSK 2026","Mon Aug 03 12:54:00 MSK 2026","3","","testsIOS.CalendarsTests","","testsIOS.CalendarsTests","mainPageRomanticThemeCalendar","mainPageRomanticThemeCalendar()","Проверка создания календаря с романтической тематикой - iOS"
"broken","Mon Aug 03 12:53:47 MSK 2026","Mon Aug 03 12:53:47 MSK 2026","6","","testsIOS.PhotoBooksTests","","testsIOS.PhotoBooksTests","mainPageCreatingPhotoBooksWithASoftCover","mainPageCreatingPhotoBooksWithASoftCover()","Проверка создания фотокниги из раздела товары - iOS"
"broken","Mon Aug 03 12:54:03 MSK 2026","Mon Aug 03 12:54:03 MSK 2026","145","","testsIOS.AlbumsPageTests","","testsIOS.AlbumsPageTests","deletingAnyPhotosFromAlbum","deletingAnyPhotosFromAlbum()","Создаём альбом, добавляем фото, удаляем выбранные"
"broken","Mon Aug 03 12:54:04 MSK 2026","Mon Aug 03 12:54:04 MSK 2026","145","","testsIOS.AlbumsPageTests","","testsIOS.AlbumsPageTests","verifyPhotosSortedByUploadDateInAlbum","verifyPhotosSortedByUploadDateInAlbum()","Сортировка фото в альбоме по дате загрузки"
"broken","Mon Aug 03 12:54:01 MSK 2026","Mon Aug 03 12:54:01 MSK 2026","2","","testsIOS.InteriorTests","","testsIOS.InteriorTests","mainPageCreatingPrintOnWoodVertical","mainPageCreatingPrintOnWoodVertical()","Проверка создания интерьера из раздела товары - iOS"
"broken","Mon Aug 03 12:54:07 MSK 2026","Mon Aug 03 12:54:07 MSK 2026","2","","testsIOS.PrintingPhotoTests","","testsIOS.PrintingPhotoTests","mainPagePhotoPaperFiltering","mainPagePhotoPaperFiltering()","Проверка печати фотографий с фильтрацией по бумаге - iOS"
"broken","Mon Aug 03 12:53:47 MSK 2026","Mon Aug 03 12:53:47 MSK 2026","3","","testsIOS.CheckoutTests","","testsIOS.CheckoutTests","CheckoutPickUpWithCart","CheckoutPickUpWithCart()","Оформление заказа с самовывозом и оплатой банковской картой"
"broken","Mon Aug 03 12:54:00 MSK 2026","Mon Aug 03 12:54:00 MSK 2026","3","","testsIOS.CalendarsTests","","testsIOS.CalendarsTests","mainPageNatureThemeCalendar","mainPageNatureThemeCalendar()","Проверка создания календаря с природной тематикой - iOS"
"broken","Mon Aug 03 12:54:07 MSK 2026","Mon Aug 03 12:54:07 MSK 2026","3","","testsIOS.PrintingPhotoTests","","testsIOS.PrintingPhotoTests","mainPagePhotoPolaroid10x10","mainPagePhotoPolaroid10x10()","Проверка печать фото из раздела товары - iOS"
"broken","Mon Aug 03 12:53:55 MSK 2026","Mon Aug 03 12:53:56 MSK 2026","971","","testsIOS.OnboardingTests","","testsIOS.OnboardingTests","OnboardingDifferentSwipesIOS","OnboardingDifferentSwipesIOS()","Тест онбординга с различными направлениями свайпов - iOS"
"broken","Mon Aug 03 12:53:46 MSK 2026","Mon Aug 03 12:53:46 MSK 2026","5","","testsIOS.NewEditorFZ","","testsIOS.NewEditorFZ","verifyEditorForUnauthorizedUser","verifyEditorForUnauthorizedUser()","Не авторизованный юзер при входе в редактор"
"broken","Mon Aug 03 12:54:07 MSK 2026","Mon Aug 03 12:54:07 MSK 2026","3","","testsIOS.PrintingPhotoTests","","testsIOS.PrintingPhotoTests","mainPagePhotoComparisonFunctionality","mainPagePhotoComparisonFunctionality()","Проверка печати фотографий с сравнением - iOS"
"broken","Mon Aug 03 12:54:07 MSK 2026","Mon Aug 03 12:54:07 MSK 2026","4","","testsIOS.PrintingPhotoTests","","testsIOS.PrintingPhotoTests","mainPagePhotoFavoritesFunctionality","mainPagePhotoFavoritesFunctionality()","Проверка печати фотографий с избранным - iOS"
"broken","Mon Aug 03 12:54:00 MSK 2026","Mon Aug 03 12:54:00 MSK 2026","11","","testsIOS.PresentsTests","","testsIOS.PresentsTests","mainPagePresentsPersonalization","mainPagePresentsPersonalization()","Проверка создания подарков с персонализацией - iOS"
"broken","Mon Aug 03 12:53:47 MSK 2026","Mon Aug 03 12:53:47 MSK 2026","4","","testsIOS.CheckoutTests","","testsIOS.CheckoutTests","checkoutCashOnDelivery","checkoutCashOnDelivery()","Проверка оформления заказа с наличной оплатой при получении - iOS"
"broken","Mon Aug 03 12:54:00 MSK 2026","Mon Aug 03 12:54:00 MSK 2026","5","","testsIOS.CalendarsTests","","testsIOS.CalendarsTests","mainPageMagneticCalendars","mainPageMagneticCalendars()","Проверка создания календари из раздела товары - iOS"
"broken","Mon Aug 03 12:53:47 MSK 2026","Mon Aug 03 12:53:47 MSK 2026","4","","testsIOS.PhotoBooksTests","","testsIOS.PhotoBooksTests","mainPageCreatingPhotoBooksForChildren","mainPageCreatingPhotoBooksForChildren()","Проверка создания фотокниги из раздела товары - iOS"
"broken","Mon Aug 03 12:54:01 MSK 2026","Mon Aug 03 12:54:01 MSK 2026","2","","testsIOS.AuthorizationTests","","testsIOS.AuthorizationTests","testMultipleLoginAttempts","testMultipleLoginAttempts()",""
"broken","Mon Aug 03 12:54:01 MSK 2026","Mon Aug 03 12:54:01 MSK 2026","3","","testsIOS.CatalogCLassTest","","testsIOS.CatalogCLassTest","mainPageSearchIncorrectWord","mainPageSearchIncorrectWord()","Проверка поисковой системы при авторизованном режиме - iOS"
"broken","Mon Aug 03 12:53:52 MSK 2026","Mon Aug 03 12:53:53 MSK 2026","986","","testsIOS.OnboardingTests","","testsIOS.OnboardingTests","OnboardingElementsVisibilityIOS","OnboardingElementsVisibilityIOS()","Проверка видимости элементов онбординга - iOS"
"broken","Mon Aug 03 12:54:01 MSK 2026","Mon Aug 03 12:54:01 MSK 2026","3","","testsIOS.AuthorizationTests","","testsIOS.AuthorizationTests","testVeryShortPassword","testVeryShortPassword()",""
"broken","Mon Aug 03 12:54:01 MSK 2026","Mon Aug 03 12:54:01 MSK 2026","2","","testsIOS.AuthorizationTests","","testsIOS.AuthorizationTests","testInvalidPhoneLogin","testInvalidPhoneLogin()",""
"broken","Mon Aug 03 12:54:01 MSK 2026","Mon Aug 03 12:54:01 MSK 2026","2","","testsIOS.AuthorizationTests","","testsIOS.AuthorizationTests","testUppercaseEmail","testUppercaseEmail()",""
"broken","Mon Aug 03 12:53:46 MSK 2026","Mon Aug 03 12:53:47 MSK 2026","3","","testsIOS.NewEditorFZ","","testsIOS.NewEditorFZ","checkConsentModalInNativeEditorNewAlbumAllFieldsAreCompleted","checkConsentModalInNativeEditorNewAlbumAllFieldsAreCompleted()","Проверка модального окна согласия с ФЗ при создании продукта в нативном редакторе: авторизованный пользователь, Все поля заполнены, user_requirements_done: false. Локальный таймлайн - загрузить в новый альбом"
"broken","Mon Aug 03 12:54:01 MSK 2026","Mon Aug 03 12:54:01 MSK 2026","2","","testsIOS.InteriorTests","","testsIOS.InteriorTests","mainPageCheckingInterior","mainPageCheckingInterior()","Проверка создания интерьера из раздела товары - iOS"
"broken","Mon Aug 03 12:53:46 MSK 2026","Mon Aug 03 12:53:46 MSK 2026","4","","testsIOS.NewEditorFZ","","testsIOS.NewEditorFZ","checkConsentModalInNativeEditorPrintingPhoto","checkConsentModalInNativeEditorPrintingPhoto()","Проверка модального окна согласия с ФЗ при создании продукта в нативном редакторе: Авторизованный юзер, не все поля заполнены, user_requirements_done: false. Редактор_Фото"
"broken","Mon Aug 03 12:53:46 MSK 2026","Mon Aug 03 12:53:46 MSK 2026","3","","testsIOS.NewEditorFZ","","testsIOS.NewEditorFZ","checkConsentModalInNativeEditorNetPrint","checkConsentModalInNativeEditorNetPrint()","Проверка модального окна согласия с ФЗ при создании продукта в нативном редакторе: авторизованный пользователь, Не все поля заполнены, user_requirements_done: false. Локальный таймлайн - загрузить в нетпринт"
"broken","Mon Aug 03 12:54:00 MSK 2026","Mon Aug 03 12:54:00 MSK 2026","2","","testsIOS.CalendarsTests","","testsIOS.CalendarsTests","mainPageKidsThemeCalendar","mainPageKidsThemeCalendar()","Проверка создания календаря с детской тематикой - iOS"
"broken","Mon Aug 03 12:53:46 MSK 2026","Mon Aug 03 12:53:46 MSK 2026","2","","testsIOS.NewEditorFZ","","testsIOS.NewEditorFZ","checkConsentModalInNativeEditor","checkConsentModalInNativeEditor()","Проверка окна о недостающих данных"
"broken","Mon Aug 03 12:54:08 MSK 2026","Mon Aug 03 12:54:08 MSK 2026","5","","testsIOS.FeedbackTests","","testsIOS.FeedbackTests","feedbackIOS","feedbackIOS()","Проверка работы формы обратной связи в разделе «Профиль» (iOS)"
"broken","Mon Aug 03 12:54:04 MSK 2026","Mon Aug 03 12:54:05 MSK 2026","143","","testsIOS.AlbumsPageTests","","testsIOS.AlbumsPageTests","checkEmptyAlbum","checkEmptyAlbum()","Просмотр пустого альбома"
"broken","Mon Aug 03 12:54:01 MSK 2026","Mon Aug 03 12:54:01 MSK 2026","3","","testsIOS.InteriorTests","","testsIOS.InteriorTests","mainPageInteriorSearchFunctionality","mainPageInteriorSearchFunctionality()","Проверка создания интерьерных изделий с поиском - iOS"
"broken","Mon Aug 03 12:53:47 MSK 2026","Mon Aug 03 12:53:47 MSK 2026","54","","testsIOS.PhotoBooksTests","","testsIOS.PhotoBooksTests","mainPagePhotoBookRecommendations","mainPagePhotoBookRecommendations()","Проверка создания фотокниги с рекомендациями - iOS"
"broken","Mon Aug 03 12:54:07 MSK 2026","Mon Aug 03 12:54:07 MSK 2026","3","","testsIOS.CardsTests","","testsIOS.CardsTests","mainPageCreatingMailCards","mainPageCreatingMailCards()","Проверка создания карточек из раздела товары - iOS"
"broken","Mon Aug 03 12:54:00 MSK 2026","Mon Aug 03 12:54:00 MSK 2026","3","","testsIOS.PresentsTests","","testsIOS.PresentsTests","mainPageCreatingPostCards","mainPageCreatingPostCards()","Проверка создания подарков из раздела товары - iOS"
"broken","Mon Aug 03 12:54:07 MSK 2026","Mon Aug 03 12:54:07 MSK 2026","9","","testsIOS.CartTests","","testsIOS.CartTests","mainPageCreatingPhotoBookForTreeMinutes","mainPageCreatingPhotoBookForTreeMinutes()","Проверка добавления Фотокниги за три минуты в корзину - iOS"
"broken","Mon Aug 03 12:54:00 MSK 2026","Mon Aug 03 12:54:00 MSK 2026","2","","testsIOS.CalendarsTests","","testsIOS.CalendarsTests","mainPageFamilyPhotoCalendar","mainPageFamilyPhotoCalendar()","Проверка создания календаря с семейными фотографиями - iOS"
"broken","Mon Aug 03 12:54:01 MSK 2026","Mon Aug 03 12:54:01 MSK 2026","5","","testsIOS.CatalogCLassTest","","testsIOS.CatalogCLassTest","mainPageCheckingNotificationsRegistered","mainPageCheckingNotificationsRegistered()","Проверка раздела уведомления - iOS"
"broken","Mon Aug 03 12:53:50 MSK 2026","Mon Aug 03 12:53:51 MSK 2026","994","","testsIOS.OnboardingTests","","testsIOS.OnboardingTests","OnboardingBackNavigationIOS","OnboardingBackNavigationIOS()","Тест онбординга с обратной навигацией - iOS"
"broken","Mon Aug 03 12:54:00 MSK 2026","Mon Aug 03 12:54:00 MSK 2026","2","","testsIOS.PresentsTests","","testsIOS.PresentsTests","mainPageCreatingAcrylicDesk","mainPageCreatingAcrylicDesk()","Проверка создания подарков из раздела товары - iOS"
"broken","Mon Aug 03 12:53:46 MSK 2026","Mon Aug 03 12:53:46 MSK 2026","4","","testsIOS.NewEditorFZ","","testsIOS.NewEditorFZ","checkingRulePageInNativeEditor","checkingRulePageInNativeEditor()","Проверка корректного перехода по ссылке на страницу закона ФЗ"
"broken","Mon Aug 03 12:54:05 MSK 2026","Mon Aug 03 12:54:05 MSK 2026","147","","testsIOS.AlbumsPageTests","","testsIOS.AlbumsPageTests","selectedAllPhotosInAlbum","selectedAllPhotosInAlbum()","Выбор всех фотографий в альбоме"
"broken","Mon Aug 03 12:54:01 MSK 2026","Mon Aug 03 12:54:01 MSK 2026","3","","testsIOS.InteriorTests","","testsIOS.InteriorTests","mainPageInteriorSortingFunctionality","mainPageInteriorSortingFunctionality()","Проверка создания интерьерных изделий с сортировкой - iOS"
"broken","Mon Aug 03 12:54:06 MSK 2026","Mon Aug 03 12:54:06 MSK 2026","146","","testsIOS.AlbumsPageTests","","testsIOS.AlbumsPageTests","verifyRetryAfterPartialPhotoUpload","verifyRetryAfterPartialPhotoUpload()","Проверка частичной загрузки фото с Повторить"
"broken","Mon Aug 03 12:54:01 MSK 2026","Mon Aug 03 12:54:01 MSK 2026","2","","testsIOS.AuthorizationTests","","testsIOS.AuthorizationTests","testMalformedEmailNoDomain","testMalformedEmailNoDomain()",""
"broken","Mon Aug 03 12:54:07 MSK 2026","Mon Aug 03 12:54:07 MSK 2026","3","","testsIOS.PrintingPhotoTests","","testsIOS.PrintingPhotoTests","mainPagePhotosWithSignature","mainPagePhotosWithSignature()","Проверка печать фото из раздела товары - iOS"
"broken","Mon Aug 03 12:54:00 MSK 2026","Mon Aug 03 12:54:00 MSK 2026","3","","testsIOS.CalendarsTests","","testsIOS.CalendarsTests","mainPageWallCalendarsB2","mainPageWallCalendarsB2()","Проверка создания календари из раздела товары - iOS"
"broken","Mon Aug 03 12:54:01 MSK 2026","Mon Aug 03 12:54:01 MSK 2026","7","","testsIOS.CatalogCLassTest","","testsIOS.CatalogCLassTest","mainPageRepeatOrder","mainPageRepeatOrder()","Проверка раздела история заказов - iOS"
"broken","Mon Aug 03 12:53:56 MSK 2026","Mon Aug 03 12:53:57 MSK 2026","979","","testsIOS.OnboardingTests","","testsIOS.OnboardingTests","OnboardingSkipAndReturnIOS","OnboardingSkipAndReturnIOS()","Тест потока пропуска и возврата онбординга - iOS"
"broken","Mon Aug 03 12:54:04 MSK 2026","Mon Aug 03 12:54:04 MSK 2026","147","","testsIOS.AlbumsPageTests","","testsIOS.AlbumsPageTests","photoRotationClockwise","photoRotationClockwise()","Поворот фотографий по часовой стрелке"
"broken","Mon Aug 03 12:53:47 MSK 2026","Mon Aug 03 12:53:47 MSK 2026","4","","testsIOS.CheckoutTests","","testsIOS.CheckoutTests","checkoutCourierDelivery","checkoutCourierDelivery()","Проверка оформления заказа с курьерской доставкой - iOS"
"broken","Mon Aug 03 12:54:01 MSK 2026","Mon Aug 03 12:54:01 MSK 2026","3","","testsIOS.AuthorizationTests","","testsIOS.AuthorizationTests","testEmojiCharacters","testEmojiCharacters()",""
"broken","Mon Aug 03 12:54:01 MSK 2026","Mon Aug 03 12:54:01 MSK 2026","3","","testsIOS.CatalogCLassTest","","testsIOS.CatalogCLassTest","mainPageNotRegistered","mainPageNotRegistered()","Проверка иконок при неавторизованном режиме - iOS"
"broken","Mon Aug 03 12:54:01 MSK 2026","Mon Aug 03 12:54:01 MSK 2026","2","","testsIOS.CatalogCLassTest","","testsIOS.CatalogCLassTest","mainPageSearchNotRegistered","mainPageSearchNotRegistered()","Проверка поисковой системы при неавторизованном режиме - iOS"
"broken","Mon Aug 03 12:53:47 MSK 2026","Mon Aug 03 12:53:47 MSK 2026","12","","testsIOS.PhotoBooksTests","","testsIOS.PhotoBooksTests","mainPageCreatingPhotoBooksForStapledBrochure","mainPageCreatingPhotoBooksForStapledBrochure()","Проверка создания фотокниги из раздела товары - iOS"
"broken","Mon Aug 03 12:54:01 MSK 2026","Mon Aug 03 12:54:01 MSK 2026","3","","testsIOS.AuthorizationTests","","testsIOS.AuthorizationTests","testBasicProfileNavigation","testBasicProfileNavigation()",""
"broken","Mon Aug 03 12:54:01 MSK 2026","Mon Aug 03 12:54:01 MSK 2026","4","","testsIOS.InteriorTests","","testsIOS.InteriorTests","mainPageCreatingPhotoBox","mainPageCreatingPhotoBox()","Проверка создания интерьера из раздела товары - iOS"
"broken","Mon Aug 03 12:54:01 MSK 2026","Mon Aug 03 12:54:01 MSK 2026","2","","testsIOS.CatalogCLassTest","","testsIOS.CatalogCLassTest","mainPageSearchRegistered","mainPageSearchRegistered()","Проверка поисковой системы при авторизованном режиме - iOS"
"broken","Mon Aug 03 12:54:00 MSK 2026","Mon Aug 03 12:54:00 MSK 2026","3","","testsIOS.PresentsTests","","testsIOS.PresentsTests","mainPageCreatingFoldedPostCards","mainPageCreatingFoldedPostCards()","Проверка создания подарков из раздела товары - iOS"
"broken","Mon Aug 03 12:54:06 MSK 2026","Mon Aug 03 12:54:06 MSK 2026","152","","testsIOS.AlbumsPageTests","","testsIOS.AlbumsPageTests","verifyPhotoHEICUploadThroughAlbumAdd","verifyPhotoHEICUploadThroughAlbumAdd()","Проверка загрузки HEIC через  добавление фото в альбоме"
"broken","Mon Aug 03 12:53:47 MSK 2026","Mon Aug 03 12:53:47 MSK 2026","4","","testsIOS.CheckoutTests","","testsIOS.CheckoutTests","checkoutWithPromoCode","checkoutWithPromoCode()","Проверка оформления заказа с применением промокода - iOS"
"broken","Mon Aug 03 12:54:01 MSK 2026","Mon Aug 03 12:54:01 MSK 2026","2","","testsIOS.AuthorizationTests","","testsIOS.AuthorizationTests","testInternationalPhoneFormat","testInternationalPhoneFormat()",""
"broken","Mon Aug 03 12:53:47 MSK 2026","Mon Aug 03 12:53:47 MSK 2026","5","","testsIOS.PhotoBooksTests","","testsIOS.PhotoBooksTests","mainPageCreatingPhotoBooksOnPremiumCovers","mainPageCreatingPhotoBooksOnPremiumCovers()","Проверка создания фотокниги из раздела товары - iOS"
"broken","Mon Aug 03 12:54:06 MSK 2026","Mon Aug 03 12:54:07 MSK 2026","6","","testsIOS.PrintingPhotoTests","","testsIOS.PrintingPhotoTests","mainPagePhotoSeriesFiltering","mainPagePhotoSeriesFiltering()","Проверка печати фотографий с фильтрацией по серии - iOS"
"broken","Mon Aug 03 12:53:53 MSK 2026","Mon Aug 03 12:53:54 MSK 2026","976","","testsIOS.OnboardingTests","","testsIOS.OnboardingTests","OnboardingAccessibilityIOS","OnboardingAccessibilityIOS()","Тест функций доступности онбординга - iOS"
"broken","Mon Aug 03 12:54:01 MSK 2026","Mon Aug 03 12:54:01 MSK 2026","2","","testsIOS.AuthorizationTests","","testsIOS.AuthorizationTests","testInvalidEmailLogin","testInvalidEmailLogin()",""
"broken","Mon Aug 03 12:54:03 MSK 2026","Mon Aug 03 12:54:03 MSK 2026","145","","testsIOS.AlbumsPageTests","","testsIOS.AlbumsPageTests","printingAllAlbum","printingAllAlbum()","Печать всего альбома"
"broken","Mon Aug 03 12:54:07 MSK 2026","Mon Aug 03 12:54:07 MSK 2026","3","","testsIOS.PrintingPhotoTests","","testsIOS.PrintingPhotoTests","mainPageStandardPhotos","mainPageStandardPhotos()","Проверка печать фото из раздела товары - iOS"
"broken","Mon Aug 03 12:54:07 MSK 2026","Mon Aug 03 12:54:07 MSK 2026","4","","testsIOS.PrintingPhotoTests","","testsIOS.PrintingPhotoTests","mainPagePhotoStyleFiltering","mainPagePhotoStyleFiltering()","Проверка печати фотографий с фильтрацией по стилю - iOS"
"broken","Mon Aug 03 12:53:57 MSK 2026","Mon Aug 03 12:53:58 MSK 2026","982","","testsIOS.OnboardingTests","","testsIOS.OnboardingTests","OnboardingRapidClicksIOS","OnboardingRapidClicksIOS()","Тест онбординга с быстрыми нажатиями - iOS"
"broken","Mon Aug 03 12:54:00 MSK 2026","Mon Aug 03 12:54:00 MSK 2026","4","","testsIOS.CalendarsTests","","testsIOS.CalendarsTests","mainPageWallCalendarsA4","mainPageWallCalendarsA4()","Проверка создания календари из раздела товары - iOS"
"broken","Mon Aug 03 12:53:47 MSK 2026","Mon Aug 03 12:53:47 MSK 2026","5","","testsIOS.PhotoBooksTests","","testsIOS.PhotoBooksTests","mainPageCreatingPhotoBooksWithAHard3DCover","mainPageCreatingPhotoBooksWithAHard3DCover()","Проверка создания фотокниги из раздела товары - iOS"
"broken","Mon Aug 03 12:54:02 MSK 2026","Mon Aug 03 12:54:02 MSK 2026","161","","testsIOS.AlbumsPageTests","","testsIOS.AlbumsPageTests","deletePhotosFromAlbums","deletePhotosFromAlbums()","Удаление фото из на экране ""Просмотр фотографии"" в альбоме"
"broken","Mon Aug 03 12:54:01 MSK 2026","Mon Aug 03 12:54:01 MSK 2026","6","","testsIOS.InteriorTests","","testsIOS.InteriorTests","mainPageCreatingPosters","mainPageCreatingPosters()","Проверка создания интерьера из раздела товары - iOS"
"broken","Mon Aug 03 12:53:46 MSK 2026","Mon Aug 03 12:53:46 MSK 2026","3","","testsIOS.NewEditorFZ","","testsIOS.NewEditorFZ","checkConsentModalInNativeEditorOnlyUsingPhone","checkConsentModalInNativeEditorOnlyUsingPhone()","Проверка модального окна согласия с ФЗ при создании продукта в нативном редакторе"
"broken","Mon Aug 03 12:54:00 MSK 2026","Mon Aug 03 12:54:00 MSK 2026","2","","testsIOS.PresentsTests","","testsIOS.PresentsTests","mainPageCreatingMailPostCards","mainPageCreatingMailPostCards()","Проверка создания подарков из раздела товары - iOS"
"broken","Mon Aug 03 12:54:01 MSK 2026","Mon Aug 03 12:54:01 MSK 2026","11","","testsIOS.InteriorTests","","testsIOS.InteriorTests","mainPageCreatingPVC","mainPageCreatingPVC()","Проверка создания интерьера из раздела товары - iOS"
"broken","Mon Aug 03 12:53:58 MSK 2026","Mon Aug 03 12:53:59 MSK 2026","976","","testsIOS.OnboardingTests","","testsIOS.OnboardingTests","OnboardingSkipButtonIOS","OnboardingSkipButtonIOS()","Нажатие на кнопку Пропустить - iOS"
"broken","Mon Aug 03 12:54:01 MSK 2026","Mon Aug 03 12:54:01 MSK 2026","3","","testsIOS.CatalogCLassTest","","testsIOS.CatalogCLassTest","comprehensiveSearchFunctionalityTest","comprehensiveSearchFunctionalityTest()","Комплексная проверка функциональности поиска в каталоге - iOS"
"broken","Mon Aug 03 12:54:07 MSK 2026","Mon Aug 03 12:54:07 MSK 2026","6","","testsIOS.PrintingPhotoTests","","testsIOS.PrintingPhotoTests","mainPagePhotoPolaroid10x13","mainPagePhotoPolaroid10x13()","Проверка печать фото из раздела товары - iOS"
"broken","Mon Aug 03 12:53:47 MSK 2026","Mon Aug 03 12:53:49 MSK 2026","1296","","testsIOS.OnboardingTests","","testsIOS.OnboardingTests","OnboardingNetworkIssuesIOS","OnboardingNetworkIssuesIOS()","Тест онбординга с симуляцией прерывания сети - iOS"
"broken","Mon Aug 03 12:53:47 MSK 2026","Mon Aug 03 12:53:47 MSK 2026","12","","testsIOS.PhotoBooksTests","","testsIOS.PhotoBooksTests","mainPagePhotoBookFavorites","mainPagePhotoBookFavorites()","Проверка создания фотокниги с избранным - iOS"
"broken","Mon Aug 03 12:54:01 MSK 2026","Mon Aug 03 12:54:01 MSK 2026","4","","testsIOS.CatalogCLassTest","","testsIOS.CatalogCLassTest","mainPageRegistered","mainPageRegistered()","Проверка иконок при авторизованном режиме - iOS"
"broken","Mon Aug 03 12:54:01 MSK 2026","Mon Aug 03 12:54:01 MSK 2026","3","","testsIOS.AuthorizationTests","","testsIOS.AuthorizationTests","testValidPhoneLogin","testValidPhoneLogin()",""
"broken","Mon Aug 03 12:54:00 MSK 2026","Mon Aug 03 12:54:00 MSK 2026","3","","testsIOS.CalendarsTests","","testsIOS.CalendarsTests","mainPageFoldOutCalendars","mainPageFoldOutCalendars()","Проверка создания календари из раздела товары - iOS"
"broken","Mon Aug 03 12:54:02 MSK 2026","Mon Aug 03 12:54:02 MSK 2026","169","","testsIOS.AlbumsPageTests","","testsIOS.AlbumsPageTests","verifyPhotoPNGUploadThroughAlbumAdd","verifyPhotoPNGUploadThroughAlbumAdd()","Проверка загрузки PNG через  добавление фото в альбоме"
"broken","Mon Aug 03 12:53:46 MSK 2026","Mon Aug 03 12:53:46 MSK 2026","11","","testsIOS.NewEditorFZ","","testsIOS.NewEditorFZ","checkConsentModalInNativeEditorNewAlbum","checkConsentModalInNativeEditorNewAlbum()","Проверка модального окна согласия с ФЗ при создании продукта в нативном редакторе: авторизованный пользователь, Не все поля заполнены, user_requirements_done: false. Локальный таймлайн - загрузить в новый альбом"
"broken","Mon Aug 03 12:54:01 MSK 2026","Mon Aug 03 12:54:01 MSK 2026","2","","testsIOS.InteriorTests","","testsIOS.InteriorTests","mainPageCreatingPrintOnWoodHorizontal","mainPageCreatingPrintOnWoodHorizontal()","Проверка создания интерьера из раздела товары - iOS"
"broken","Mon Aug 03 12:54:00 MSK 2026","Mon Aug 03 12:54:00 MSK 2026","3","","testsIOS.CalendarsTests","","testsIOS.CalendarsTests","mainPageFlipCalendars","mainPageFlipCalendars()","Проверка создания календари из раздела товары - iOS"
"broken","Mon Aug 03 12:54:01 MSK 2026","Mon Aug 03 12:54:01 MSK 2026","3","","testsIOS.CatalogCLassTest","","testsIOS.CatalogCLassTest","mainPageSearchWithSymbols","mainPageSearchWithSymbols()","Проверка поисковой системы при авторизованном режиме - iOS"
"broken","Mon Aug 03 12:54:00 MSK 2026","Mon Aug 03 12:54:00 MSK 2026","2","","testsIOS.PresentsTests","","testsIOS.PresentsTests","mainPageCreatingGiftPostCards","mainPageCreatingGiftPostCards()","Проверка создания подарков из раздела товары - iOS"
"broken","Mon Aug 03 12:54:01 MSK 2026","Mon Aug 03 12:54:01 MSK 2026","2","","testsIOS.AuthorizationTests","","testsIOS.AuthorizationTests","testMalformedEmailNoAtSymbol","testMalformedEmailNoAtSymbol()",""
"broken","Mon Aug 03 12:54:01 MSK 2026","Mon Aug 03 12:54:01 MSK 2026","3","","testsIOS.AuthorizationTests","","testsIOS.AuthorizationTests","testValidEmailLogin","testValidEmailLogin()",""
"broken","Mon Aug 03 12:54:04 MSK 2026","Mon Aug 03 12:54:04 MSK 2026","144","","testsIOS.AlbumsPageTests","","testsIOS.AlbumsPageTests","viewPhotosFromAlbum","viewPhotosFromAlbum()","Просмотр фотографий из альбома с несколькими фото"
"broken","Mon Aug 03 12:54:00 MSK 2026","Mon Aug 03 12:54:00 MSK 2026","3","","testsIOS.PresentsTests","","testsIOS.PresentsTests","mainPagePuzzlesElementsFiltering","mainPagePuzzlesElementsFiltering()","Проверка создания пазлов с фильтрацией по элементам - iOS"
"broken","Mon Aug 03 12:53:46 MSK 2026","Mon Aug 03 12:53:46 MSK 2026","3","","testsIOS.NewEditorFZ","","testsIOS.NewEditorFZ","checkConsentModalInNativeEditorPrintingPhotoAllFieldsAreCompleted","checkConsentModalInNativeEditorPrintingPhotoAllFieldsAreCompleted()","Проверка модального окна согласия с ФЗ при создании продукта в нативном редакторе: Авторизованный юзер, все поля заполнены, user_requirements_done: false. Редактор_ФОТО"
"broken","Mon Aug 03 12:54:07 MSK 2026","Mon Aug 03 12:54:07 MSK 2026","4","","testsIOS.PrintingPhotoTests","","testsIOS.PrintingPhotoTests","mainPagePrintingPhoto","mainPagePrintingPhoto()","Проверка печать фото из раздела товары - iOS"
"broken","Mon Aug 03 12:54:05 MSK 2026","Mon Aug 03 12:54:05 MSK 2026","147","","testsIOS.AlbumsPageTests","","testsIOS.AlbumsPageTests","printingPhotosFromAlbums","printingPhotosFromAlbums()","Напечатать фото на экране ""Просмотр фотографии"" в альбоме"
"broken","Mon Aug 03 12:53:46 MSK 2026","Mon Aug 03 12:53:46 MSK 2026","4","","testsIOS.NewEditorFZ","","testsIOS.NewEditorFZ","checkConsentModalInNativeEditorAlbums","checkConsentModalInNativeEditorAlbums()","Проверка модального окна согласия с ФЗ при создании продукта в нативном редакторе: авторизованный пользователь, Не все поля заполнены, user_requirements_done: false. Локальный таймлайн - напечатать"
"broken","Mon Aug 03 12:54:00 MSK 2026","Mon Aug 03 12:54:00 MSK 2026","3","","testsIOS.CalendarsTests","","testsIOS.CalendarsTests","mainPageWallCalendarsA2","mainPageWallCalendarsA2()","Проверка создания календари из раздела товары - iOS"
"broken","Mon Aug 03 12:54:01 MSK 2026","Mon Aug 03 12:54:01 MSK 2026","2","","testsIOS.AuthorizationTests","","testsIOS.AuthorizationTests","testInvalidPasswordLogin","testInvalidPasswordLogin()",""
"broken","Mon Aug 03 12:53:47 MSK 2026","Mon Aug 03 12:53:47 MSK 2026","9","","testsIOS.PhotoBooksTests","","testsIOS.PhotoBooksTests","mainPagePhotoBookSearch","mainPagePhotoBookSearch()","Проверка создания фотокниги с поиском - iOS"
"broken","Mon Aug 03 12:54:01 MSK 2026","Mon Aug 03 12:54:01 MSK 2026","2","","testsIOS.CatalogCLassTest","","testsIOS.CatalogCLassTest","mainPageCheckingNotificationsNotRegistered","mainPageCheckingNotificationsNotRegistered()","Проверка раздела уведомления - iOS"
"broken","Mon Aug 03 12:53:47 MSK 2026","Mon Aug 03 12:53:47 MSK 2026","25","","testsIOS.PhotoBooksTests","","testsIOS.PhotoBooksTests","mainPageCreatingPhotoBooksWithHardPages","mainPageCreatingPhotoBooksWithHardPages()","Проверка создания фотокниги из раздела товары - iOS"
"broken","Mon Aug 03 12:54:07 MSK 2026","Mon Aug 03 12:54:07 MSK 2026","2","","testsIOS.PrintingPhotoTests","","testsIOS.PrintingPhotoTests","mainPagePremiumPhoto","mainPagePremiumPhoto()","Проверка печать фото из раздела товары - iOS"
"broken","Mon Aug 03 12:54:07 MSK 2026","Mon Aug 03 12:54:07 MSK 2026","4","","testsIOS.PrintingPhotoTests","","testsIOS.PrintingPhotoTests","mainPagePhotoUploadFromDevice","mainPagePhotoUploadFromDevice()","Проверка печати фотографий с загрузкой с устройства - iOS"
"broken","Mon Aug 03 12:53:47 MSK 2026","Mon Aug 03 12:53:47 MSK 2026","7","","testsIOS.CheckoutTests","","testsIOS.CheckoutTests","CheckoutPickUpWithFPS","CheckoutPickUpWithFPS()","Оформление заказа с самовывозом и оплатой через систему быстрых платежей"
"broken","Mon Aug 03 12:54:00 MSK 2026","Mon Aug 03 12:54:00 MSK 2026","3","","testsIOS.PresentsTests","","testsIOS.PresentsTests","mainPageCreatingStickers","mainPageCreatingStickers()","Проверка создания подарков из раздела товары - iOS"
"broken","Mon Aug 03 12:53:47 MSK 2026","Mon Aug 03 12:53:47 MSK 2026","9","","testsIOS.PhotoBooksTests","","testsIOS.PhotoBooksTests","mainPageCreatingPhotoBooksForSpiralBoundAlbums","mainPageCreatingPhotoBooksForSpiralBoundAlbums()","Проверка создания фотокниги из раздела товары - iOS"
"broken","Mon Aug 03 12:54:01 MSK 2026","Mon Aug 03 12:54:01 MSK 2026","2","","testsIOS.AuthorizationTests","","testsIOS.AuthorizationTests","testSpecialCharactersEmail","testSpecialCharactersEmail()",""
"broken","Mon Aug 03 12:54:00 MSK 2026","Mon Aug 03 12:54:00 MSK 2026","3","","testsIOS.PresentsTests","","testsIOS.PresentsTests","mainPageCreatingNotebooksAndNotepads","mainPageCreatingNotebooksAndNotepads()","Проверка создания подарков из раздела товары - iOS"
"broken","Mon Aug 03 12:54:02 MSK 2026","Mon Aug 03 12:54:02 MSK 2026","202","","testsIOS.AlbumsPageTests","","testsIOS.AlbumsPageTests","creatingAlbum","creatingAlbum()","Проверяем успешное создание нового альбома и его отображение."
"broken","Mon Aug 03 12:54:00 MSK 2026","Mon Aug 03 12:54:00 MSK 2026","3","","testsIOS.PresentsTests","","testsIOS.PresentsTests","mainPageStickersShapeFiltering","mainPageStickersShapeFiltering()","Проверка создания наклеек с фильтрацией по форме - iOS"
"broken","Mon Aug 03 12:54:00 MSK 2026","Mon Aug 03 12:54:00 MSK 2026","3","","testsIOS.PresentsTests","","testsIOS.PresentsTests","mainPageMagnetsSizeFiltering","mainPageMagnetsSizeFiltering()","Проверка создания магнитов с фильтрацией по размеру - iOS"
"broken","Mon Aug 03 12:53:47 MSK 2026","Mon Aug 03 12:53:47 MSK 2026","22","","testsIOS.PhotoBooksTests","","testsIOS.PhotoBooksTests","mainPagePhotoBookSorting","mainPagePhotoBookSorting()","Проверка создания фотокниги с сортировкой - iOS"
"broken","Mon Aug 03 12:54:00 MSK 2026","Mon Aug 03 12:54:00 MSK 2026","2","","testsIOS.PresentsTests","","testsIOS.PresentsTests","mainPageCreatingSpiralNotebooks","mainPageCreatingSpiralNotebooks()","Проверка создания подарков из раздела товары - iOS"
"broken","Mon Aug 03 12:54:00 MSK 2026","Mon Aug 03 12:54:00 MSK 2026","2","","testsIOS.CalendarsTests","","testsIOS.CalendarsTests","mainPagePocketCalendars","mainPagePocketCalendars()","Проверка создания календари из раздела товары - iOS"
"broken","Mon Aug 03 12:54:03 MSK 2026","Mon Aug 03 12:54:03 MSK 2026","144","","testsIOS.AlbumsPageTests","","testsIOS.AlbumsPageTests","addPhotosWithDeniedAccess","addPhotosWithDeniedAccess()","Добавление фото при запрещённом доступе к фото"
"broken","Mon Aug 03 12:54:01 MSK 2026","Mon Aug 03 12:54:01 MSK 2026","2","","testsIOS.InteriorTests","","testsIOS.InteriorTests","mainPagePVCThemeFiltering","mainPagePVCThemeFiltering()","Проверка создания ПВХ с фильтрацией по теме - iOS"
"broken","Mon Aug 03 12:54:01 MSK 2026","Mon Aug 03 12:54:01 MSK 2026","2","","testsIOS.AuthorizationTests","","testsIOS.AuthorizationTests","testInvalidPasswordReset","testInvalidPasswordReset()",""
"broken","Mon Aug 03 12:54:01 MSK 2026","Mon Aug 03 12:54:01 MSK 2026","2","","testsIOS.InteriorTests","","testsIOS.InteriorTests","mainPageCanvasSizeFiltering","mainPageCanvasSizeFiltering()","Проверка создания холстов с фильтрацией по размеру - iOS"
"broken","Mon Aug 03 12:54:00 MSK 2026","Mon Aug 03 12:54:00 MSK 2026","4","","testsIOS.CalendarsTests","","testsIOS.CalendarsTests","mainPageCalendars","mainPageCalendars()","Проверка создания календари из раздела товары - iOS"
"broken","Mon Aug 03 12:54:00 MSK 2026","Mon Aug 03 12:54:00 MSK 2026","2","","testsIOS.CalendarsTests","","testsIOS.CalendarsTests","mainPageNewYearThemeCalendar","mainPageNewYearThemeCalendar()","Проверка создания календаря с новогодней тематикой - iOS"
"broken","Mon Aug 03 12:54:01 MSK 2026","Mon Aug 03 12:54:01 MSK 2026","3","","testsIOS.InteriorTests","","testsIOS.InteriorTests","mainPageCreatingCanvases","mainPageCreatingCanvases()","Проверка создания интерьера из раздела товары - iOS"
"broken","Mon Aug 03 12:54:01 MSK 2026","Mon Aug 03 12:54:01 MSK 2026","2","","testsIOS.InteriorTests","","testsIOS.InteriorTests","mainPagePhotoBoxMaterialFiltering","mainPagePhotoBoxMaterialFiltering()","Проверка создания фотобоксов с фильтрацией по материалу - iOS"
"broken","Mon Aug 03 12:54:00 MSK 2026","Mon Aug 03 12:54:00 MSK 2026","5","","testsIOS.PresentsTests","","testsIOS.PresentsTests","mainPagePresentsGalleryUpload","mainPagePresentsGalleryUpload()","Проверка создания подарков с загрузкой из галереи - iOS"
"broken","Mon Aug 03 12:54:01 MSK 2026","Mon Aug 03 12:54:01 MSK 2026","2","","testsIOS.CatalogCLassTest","","testsIOS.CatalogCLassTest","mainPageCheckingProducts","mainPageCheckingProducts()","Проверка раздела товары - iOS"
"broken","Mon Aug 03 12:54:00 MSK 2026","Mon Aug 03 12:54:00 MSK 2026","3","","testsIOS.CalendarsTests","","testsIOS.CalendarsTests","mainPageCorporateThemeCalendar","mainPageCorporateThemeCalendar()","Проверка создания календаря с корпоративной тематикой - iOS"
"broken","Mon Aug 03 12:54:08 MSK 2026","Mon Aug 03 12:54:08 MSK 2026","11","","testsIOS.FeedbackTests","","testsIOS.FeedbackTests","feedbackIOSMandatoryData","feedbackIOSMandatoryData()","Проверка обязательных полей формы обратной связи (iOS)"
"broken","Mon Aug 03 12:53:47 MSK 2026","Mon Aug 03 12:53:47 MSK 2026","10","","testsIOS.PhotoBooksTests","","testsIOS.PhotoBooksTests","mainPageCreatingPhotoBooksWithAHard3DCoverFoilEffect","mainPageCreatingPhotoBooksWithAHard3DCoverFoilEffect()","Проверка создания фотокниги из раздела товары - iOS"
"broken","Mon Aug 03 12:54:00 MSK 2026","Mon Aug 03 12:54:00 MSK 2026","3","","testsIOS.CalendarsTests","","testsIOS.CalendarsTests","mainPagePosterCalendars","mainPagePosterCalendars()","Проверка создания календари из раздела товары - iOS"
"broken","Mon Aug 03 12:54:01 MSK 2026","Mon Aug 03 12:54:01 MSK 2026","3","","testsIOS.AuthorizationTests","","testsIOS.AuthorizationTests","testVeryLongEmail","testVeryLongEmail()",""
"broken","Mon Aug 03 12:54:05 MSK 2026","Mon Aug 03 12:54:06 MSK 2026","146","","testsIOS.AlbumsPageTests","","testsIOS.AlbumsPageTests","verifyPartialPhotoUploadCancellation","verifyPartialPhotoUploadCancellation()","Проверка частичной загрузки фото с отменой"
"broken","Mon Aug 03 12:54:03 MSK 2026","Mon Aug 03 12:54:03 MSK 2026","147","","testsIOS.AlbumsPageTests","","testsIOS.AlbumsPageTests","renameAnAlbum","renameAnAlbum()","Переименование альбома"
"broken","Mon Aug 03 12:54:00 MSK 2026","Mon Aug 03 12:54:00 MSK 2026","3","","testsIOS.CalendarsTests","","testsIOS.CalendarsTests","mainPageHolidayThemeCalendar","mainPageHolidayThemeCalendar()","Проверка создания календаря с праздничной тематикой - iOS"
"broken","Mon Aug 03 12:54:00 MSK 2026","Mon Aug 03 12:54:00 MSK 2026","4","","testsIOS.CalendarsTests","","testsIOS.CalendarsTests","mainPageSeasonalThemeCalendar","mainPageSeasonalThemeCalendar()","Проверка создания календаря с сезонной тематикой - iOS"
"broken","Mon Aug 03 12:54:00 MSK 2026","Mon Aug 03 12:54:00 MSK 2026","2","","testsIOS.PresentsTests","","testsIOS.PresentsTests","mainPageMugsStyleFiltering","mainPageMugsStyleFiltering()","Проверка создания кружек с фильтрацией по стилю - iOS"
"broken","Mon Aug 03 12:54:04 MSK 2026","Mon Aug 03 12:54:04 MSK 2026","146","","testsIOS.AlbumsPageTests","","testsIOS.AlbumsPageTests","photoRotationCounterclockwise","photoRotationCounterclockwise()","Поворот фотографий против часовой стрелки"
"broken","Mon Aug 03 12:54:01 MSK 2026","Mon Aug 03 12:54:01 MSK 2026","2","","testsIOS.CatalogCLassTest","","testsIOS.CatalogCLassTest","mainPageSearchWithTooLongWord","mainPageSearchWithTooLongWord()","Проверка поисковой системы при авторизованном режиме - iOS"
"broken","Mon Aug 03 12:53:46 MSK 2026","Mon Aug 03 12:53:46 MSK 2026","2","","testsIOS.NewEditorFZ","","testsIOS.NewEditorFZ","checkConsentModalInNativeEditorAddPhotos","checkConsentModalInNativeEditorAddPhotos()","Проверка модального окна согласия с ФЗ при создании продукта в нативном редакторе: авторизованный пользователь, Не все поля заполнены, user_requirements_done: false. Альбом НП - добавить фото"
"broken","Mon Aug 03 12:54:01 MSK 2026","Mon Aug 03 12:54:01 MSK 2026","4","","testsIOS.CatalogCLassTest","","testsIOS.CatalogCLassTest","mainPageCheckingFilters","mainPageCheckingFilters()","Проверка функционала фильтра - iOS"
"broken","Mon Aug 03 12:54:01 MSK 2026","Mon Aug 03 12:54:01 MSK 2026","3","","testsIOS.InteriorTests","","testsIOS.InteriorTests","mainPageInteriorFavoritesFunctionality","mainPageInteriorFavoritesFunctionality()","Проверка создания интерьерных изделий с избранным - iOS"
"broken","Mon Aug 03 12:53:47 MSK 2026","Mon Aug 03 12:53:47 MSK 2026","3","","testsIOS.NewEditorFZ","","testsIOS.NewEditorFZ","checkConsentModalInNativeEditorAlbumsAllFieldsAreCompleted","checkConsentModalInNativeEditorAlbumsAllFieldsAreCompleted()","Проверка модального окна согласия с ФЗ при создании продукта в нативном редакторе: авторизованный пользователь, Все поля заполнены, user_requirements_done: false. Локальный таймлайн - напечатать"
"broken","Mon Aug 03 12:54:00 MSK 2026","Mon Aug 03 12:54:00 MSK 2026","2","","testsIOS.PresentsTests","","testsIOS.PresentsTests","mainPagePresentsQuantitySelection","mainPagePresentsQuantitySelection()","Проверка создания подарков с выбором количества - iOS"
"broken","Mon Aug 03 12:54:00 MSK 2026","Mon Aug 03 12:54:00 MSK 2026","3","","testsIOS.PresentsTests","","testsIOS.PresentsTests","mainPagePostcardsTypeFiltering","mainPagePostcardsTypeFiltering()","Проверка создания открыток с фильтрацией по типу - iOS"
"broken","Mon Aug 03 12:54:07 MSK 2026","Mon Aug 03 12:54:07 MSK 2026","3","","testsIOS.PrintingPhotoTests","","testsIOS.PrintingPhotoTests","mainPagePhotoSearchFunctionality","mainPagePhotoSearchFunctionality()","Проверка печати фотографий с поиском - iOS"
"broken","Mon Aug 03 12:53:47 MSK 2026","Mon Aug 03 12:53:47 MSK 2026","16","","testsIOS.PhotoBooksTests","","testsIOS.PhotoBooksTests","mainPagePhotoBookPreview","mainPagePhotoBookPreview()","Проверка создания фотокниги с предпросмотром - iOS"
"broken","Mon Aug 03 12:54:01 MSK 2026","Mon Aug 03 12:54:01 MSK 2026","3","","testsIOS.AuthorizationTests","","testsIOS.AuthorizationTests","testCyrillicCharacters","testCyrillicCharacters()",""
"broken","Mon Aug 03 12:53:46 MSK 2026","Mon Aug 03 12:53:46 MSK 2026","3","","testsIOS.NewEditorFZ","","testsIOS.NewEditorFZ","checkConsentModalInNativeEditorProjects","checkConsentModalInNativeEditorProjects()","Проверка модального окна согласия с ФЗ при создании продукта в нативном редакторе: авторизованный пользователь, не все поля заполнены, user_requirements_done=false.Проекты_редактор"
"broken","Mon Aug 03 12:53:49 MSK 2026","Mon Aug 03 12:53:50 MSK 2026","990","","testsIOS.OnboardingTests","","testsIOS.OnboardingTests","OnboardingMixedInteractionsIOS","OnboardingMixedInteractionsIOS()","Тест онбординга со смешанными паттернами взаимодействия - iOS"
"broken","Mon Aug 03 12:54:00 MSK 2026","Mon Aug 03 12:54:00 MSK 2026","4","","testsIOS.PresentsTests","","testsIOS.PresentsTests","mainPageCreatingMugs","mainPageCreatingMugs()","Проверка создания подарков из раздела товары - iOS"
"broken","Mon Aug 03 12:54:08 MSK 2026","Mon Aug 03 12:54:08 MSK 2026","32","","testsIOS.FeedbackTests","","testsIOS.FeedbackTests","feedbackIOSInvalidData","feedbackIOSInvalidData()","Проверка отправки формы обратной связи с некорректными данными (iOS)"
"broken","Mon Aug 03 12:54:01 MSK 2026","Mon Aug 03 12:54:01 MSK 2026","2","","testsIOS.InteriorTests","","testsIOS.InteriorTests","mainPagePostersFormatFiltering","mainPagePostersFormatFiltering()","Проверка создания постеров с фильтрацией по формату - iOS"
"broken","Mon Aug 03 12:54:01 MSK 2026","Mon Aug 03 12:54:01 MSK 2026","2","","testsIOS.CatalogCLassTest","","testsIOS.CatalogCLassTest","mainPageChecking","mainPageChecking()","Проверка страницы каталог- iOS"
"broken","Mon Aug 03 12:54:00 MSK 2026","Mon Aug 03 12:54:00 MSK 2026","3","","testsIOS.CalendarsTests","","testsIOS.CalendarsTests","mainPageTravelThemeCalendar","mainPageTravelThemeCalendar()","Проверка создания календаря с путешествиями - iOS"
"broken","Mon Aug 03 12:54:05 MSK 2026","Mon Aug 03 12:54:05 MSK 2026","147","","testsIOS.AlbumsPageTests","","testsIOS.AlbumsPageTests","viewSharedAlbum","viewSharedAlbum()","Просмотр расшаренного альбома"
"broken","Mon Aug 03 12:54:07 MSK 2026","Mon Aug 03 12:54:07 MSK 2026","2","","testsIOS.CardsTests","","testsIOS.CardsTests","mainPageCreatingCards","mainPageCreatingCards()","Проверка создания карточек из раздела товары - iOS"
"broken","Mon Aug 03 12:54:06 MSK 2026","Mon Aug 03 12:54:06 MSK 2026","11","","testsIOS.PrintingPhotoTests","","testsIOS.PrintingPhotoTests","mainPagePhotoSortingFunctionality","mainPagePhotoSortingFunctionality()","Проверка печати фотографий с сортировкой - iOS"
"broken","Mon Aug 03 12:53:46 MSK 2026","Mon Aug 03 12:53:46 MSK 2026","3","","testsIOS.NewEditorFZ","","testsIOS.NewEditorFZ","checkingConsentModalInNativeEditorOnlyUsingEmail","checkingConsentModalInNativeEditorOnlyUsingEmail()","Проверка модального окна согласия с ФЗ при создании продукта в нативном редакторе"
"broken","Mon Aug 03 12:53:47 MSK 2026","Mon Aug 03 12:53:47 MSK 2026","8","","testsIOS.PhotoBooksTests","","testsIOS.PhotoBooksTests","mainPageCreatingPhotoBooksWithAHardCover","mainPageCreatingPhotoBooksWithAHardCover()","Проверка создания фотокниги из раздела товары - iOS"
